t,price,ret,volume,high,low
0,100.20306899082368,0.0020286308445604,52824.3411796005,100.67476063786398,99.73137734378338
1,100.14705862529344,-0.0005591248446489,19090.832053339953,100.3373821989396,99.95673505164729
2,100.1510029143915,3.938419641430128e-05,17287.127595241196,100.58934683319268,99.7126589955903
3,100.19999068873992,0.0004890195395958,5844.9932575806615,100.54822880000829,99.85175257747154
4,100.10517548081516,-0.0009467076343508,21935.41395493542,100.49176149695845,99.71858946467188
5,100.10542361056854,2.478687487137756e-06,18773.17593750359,100.1307868761766,100.08006034496049
6,100.10531665168148,-1.0684630295176352e-06,16842.91409560087,100.23740877077216,99.97322453259079
7,99.89474974281931,-0.0021056691676145,25788.948700781126,100.02217920128278,99.76732028435585
8,100.01681469003154,0.0012211896067961,27187.847194658407,100.23158361268945,99.80204576737363
9,100.08891260227136,0.0007205982191034,12928.617055427734,100.45100117326693,99.7268240312758
10,100.01382257678546,-0.0007505147687601,14141.657666742407,100.35797085564447,99.66967429792645
11,99.99323605897663,-0.0002058579134348,17363.633228248462,100.25663586798488,99.72983624996839
12,100.05388626855154,0.0006063592490361,31096.207801849087,100.30854579880679,99.79922673829628
13,100.02251151875464,-0.0003136276982299,29161.251046066307,100.23386947591858,99.81115356159071
14,99.99337931502878,-0.000291298894407,11466.966987373316,100.43140077330251,99.55535785675504
15,99.81915385042416,-0.0017438896949889,12585.018394636743,99.9661727790397,99.67213492180863
16,99.88560524452274,0.0006654963742702,31838.09142930567,100.03548192726163,99.73572856178384
17,99.90045505130333,0.0001486570863444,48402.99817507339,100.27340261542318,99.52750748718347
18,99.93336287566558,0.0003293519085119,21686.87365402408,99.97380401762223,99.89292173370892
19,99.75046956550509,-0.0018318294382438,15650.790193129013,100.31167462590896,99.1892645051012
20,99.94825507469008,0.0019808396294237,38094.10593427453,100.28259475566394,99.61391539371623
21,99.96676746986728,0.0001852026425476,18867.793150976577,100.01917212628555,99.914362813449
22,99.9203369013524,-0.0004645679319436,31662.1142926107,100.31776571644832,99.52290808625648
23,100.16392803528132,0.0024348866649133,47788.285569935935,100.39775306636334,99.9301030041993
24,100.15847293219942,-5.44632358327753e-05,30183.174466893073,100.42184998724281,99.89509587715601
25,99.984267290175,-0.0017408144389758,22850.919095264773,100.46230028540609,99.5062342949439
26,99.93565941723868,-0.0004862734265132,31765.487381820953,100.05832359330566,99.81299524117172
27,99.66161471541304,-0.002745978122366,15973.914128894672,99.82502865759061,99.49820077323547
28,99.78719523457713,0.0012592758592119,20149.875976506148,99.89367865705978,99.68071181209447
29,99.73733712942824,-0.000499769182224,16531.4965200401,99.7556692755916,99.7190049832649
30,99.64850433963076,-0.0008910642302454,19886.817264355494,100.14410586925295,99.15290281000856
31,99.77683095126608,0.0012869641578905,17270.453840923183,100.17440495218364,99.37925695034852
32,99.5793397516436,-0.001981290707287,20072.62725928378,99.77714965904458,99.38152984424262
33,99.6433415526516,0.0006425152275913,18210.1023204384,99.9855323704906,99.30115073481261
34,99.39680082892797,-0.0024772977637454,23028.522093635867,99.73424057884223,99.0593610790137
35,99.31785237495323,-0.0007945912076001,22738.97816485384,99.4312080557982,99.20449669410827
36,99.17443538863624,-0.0014450638147196,25544.404100400392,99.29127807206879,99.05759270520369
37,99.34857682715194,0.0017543707526562,44417.355413804755,100.14222896539742,98.55492468890647
38,99.55935879677747,0.0021193930535152,10163.607390138925,99.81188981185304,99.30682778170191
39,99.52001110798857,-0.0003952965022956,42100.26408279714,99.64194502190912,99.39807719406801
40,99.62046551059775,0.0010088798905722,19562.598396572186,99.78982793444885,99.45110308674667
41,99.59895143913155,-0.0002159836815028,11894.446585649866,100.1253574352165,99.07254544304662
42,99.66686862719769,0.0006816742647935,20207.116360279353,99.71866260032024,99.61507465407513
43,99.57686977486478,-0.0009034046357057,23061.484965186915,99.89079077121195,99.2629487785176
44,99.3729455848561,-0.0020500070438004,37563.16626122403,99.5555111738095,99.1903799959027
45,99.15816296335748,-0.0021637183901756,12954.296340663856,99.58153451121377,98.73479141550118
46,99.2037610351386,0.000459746222109,24555.081658101702,99.88943583224497,98.51808623803223
47,99.47168604390346,0.0026971140633692,23363.020999205495,100.28991941644138,98.65345267136556
48,99.50384983775515,0.0003232939566094,9489.531793117607,99.7241379001733,99.28356177533702
49,99.44122933529846,-0.000629525543281,12174.785957759064,99.78300652451323,99.0994521460837
50,99.66965149099136,0.0022944226347983,29734.135338785974,99.71378022722449,99.62552275475822
51,99.69803768328006,0.0002847622159646,31187.84229072744,99.94901439826936,99.44706096829077
52,99.71017374500654,0.0001217207822539,37943.57360635476,99.77708746346862,99.64326002654447
53,99.74039980930928,0.0003030932826663,28764.89093843589,100.27543294297443,99.20536667564411
54,99.72455704214212,-0.0001588526370802,26838.857053187978,100.08166793916011,99.36744614512415
55,99.68752904896408,-0.0003713716087066,23422.064037691027,100.0552238929977,99.31983420493046
56,99.51601920291554,-0.0017219561592426,40317.90012059638,99.81193308858644,99.22010531724466
57,99.57594079902722,0.0006019489478172,14450.2493501847,100.28382487370078,98.86805672435366
58,99.56461661742144,-0.0001137305405278,20517.90522438092,99.829777933203,99.29945530163987
59,99.7072656795474,0.0014317031068128,26706.895488700422,100.21983404024456,99.19469731885026
60,99.66314678615991,-0.0004425821621374,10009.1289015881,99.75231844264346,99.57397512967636
61,99.43541358646463,-0.0022876438542365,42424.09763006356,99.55892711349814,99.31190005943112
62,99.42352850755084,-0.0001195327582738,14817.548934129662,99.63694315955762,99.21011385554407
63,99.62650420991037,0.002039444756096,21250.278792520072,99.94909752890952,99.30391089091121
64,99.58067582727072,-0.0004601077475178,64753.123184189084,99.66144581619248,99.49990583834897
65,99.474397523724,-0.0010678282332248,14549.05575400143,99.56970691324774,99.37908813420025
66,99.33202130669912,-0.0014323103067098,16904.142448582,99.80946702257634,98.8545755908219
67,99.20693977517428,-0.0012600201732904,48091.073022668585,99.68181677017904,98.7320627801695
68,99.17120864895573,-0.0003602324841601,12834.640549257058,99.3043106791682,99.03810661874326
69,99.03088372047247,-0.0014159785121498,17746.989779446856,99.19398972529285,98.8677777156521
70,99.20901877187418,0.0017971669387171,28510.907680498203,99.45046520263114,98.96757234111723
71,99.17537651995848,-0.0003391622832904,27658.72282688909,99.6457256208782,98.70502741903876
72,99.18830765468974,0.0001303780457936,29638.903994736207,99.46893664865888,98.9076786607206
73,99.35964331806996,0.0017258874248805,26509.360264695704,99.49846795180255,99.22081868433735
74,99.5390481213326,0.0018039822245002,43160.84665870174,99.72239765183123,99.35569859083397
75,99.51364107997064,-0.000255279560421,36606.13298299877,99.61814155663625,99.40914060330503
76,99.55329213283606,0.0003983690585861,29662.509678725273,99.77071712542643,99.3358671402457
77,99.6411400490089,0.0008820319012528,15655.838473811127,99.90202242401502,99.38025767400279
78,99.61808311158488,-0.0002314265524197,15416.906876014307,99.63749572742354,99.59867049574623
79,99.40576301825207,-0.0021336154235502,8483.303606465022,100.02860155182874,98.78292448467542
80,99.48389152897715,0.0007856468444437,31059.381216094556,99.53461975285468,99.43316330509963
81,99.59071721982303,0.0010732227657846,8852.854321782466,99.84544253447045,99.3359919051756
82,99.64038584529789,0.0004986031371576,34185.50148089672,100.0033520981475,99.27741959244825
83,99.530020198028,-0.0011082535880558,55446.97493498192,99.70915181797137,99.35088857808461
84,99.50661022870791,-0.0002352327747695,12954.16708647077,100.04941782469014,98.96380263272569
85,99.43609262494388,-0.0007089237826357,15642.66922032076,99.68596950032466,99.18621574956309
86,99.40033651800674,-0.0003596534847933,17359.457887821154,99.59652367818087,99.20414935783259
87,99.5551499414014,0.001556262231272,33361.413103064726,99.93053131926717,99.17976856353562
88,99.73805078259204,0.0018354955600717,14304.41831901203,100.00551164351025,99.47058992167383
89,99.81820273030802,0.0008033018320915,20634.697168625433,100.52738863654358,99.10901682407244
90,99.88395407830689,0.0006584941437339,16957.342141194888,100.33060206603933,99.43730609057442
91,99.965088267201,0.000811954787467,19425.88118823515,100.05419359006235,99.87598294433963
92,99.96361972847028,-1.4690623927731729e-05,42008.924559791485,100.28674727616755,99.64049218077301
93,99.9545438283152,-9.079615378447952e-05,13600.986058663688,100.4955251092411,99.41356254738928
94,99.87377580122156,-0.0008083742248512,22831.122066420572,100.14265757700495,99.60489402543816
95,99.8670803938402,-6.704094006008866e-05,25230.355908069654,99.95738537837116,99.77677540930924
96,100.13828113608504,0.0027119363839515,33837.79279762763,100.41691128405077,99.85965098811931
97,100.24276453232966,0.0010428471951045,11707.245006643117,100.3629260307976,100.12260303386172
98,100.20161927133783,-0.0004105404281122,38462.350875325246,100.31849210209744,100.08474644057821
99,100.14488995843352,-0.0005663119825602,27375.082843308574,100.64043762063633,99.64934229623071
100,100.041054720367,-0.0010373879899028,34102.854959616925,100.19411200334746,99.88799743738653
101,100.0860077026217,0.000449244419685,22829.89294137648,100.32581569751133,99.84619970773207
102,100.13304464637902,0.000469854832203,9705.75402070965,100.86346632056994,99.4026229721881
103,99.95978970807694,-0.0017317459884011,15936.202460826236,100.1071702481443,99.81240916800958
104,100.0181434909725,0.00058360223669,33152.877131104906,100.82616793465814,99.21011904728687
105,99.9498177682739,-0.0006833667246221,22435.445531873218,100.04106813295523,99.85856740359257
106,100.12108496029111,0.0017120653879786,21496.57133947855,100.17273871348887,100.06943120709336
107,100.13993080153112,0.000188212780445,53947.44162290613,100.17727261113072,100.10258899193153
108,100.34655972997182,0.0020612760595922,66232.60589863252,100.6126760379236,100.08044342202002
109,100.29140915383128,-0.0005497521514632,21621.99900404466,100.49067960277563,100.09213870488695
110,100.256756372497,-0.0003455806398249,57898.84494567082,100.36888780009173,100.14462494490225
111,100.29283223713354,0.0003597700227238,8129.171040759971,100.7515819685888,99.83408250567827
112,100.41999764291782,0.0012671379589974,7906.744194458207,100.757405979133,100.08258930670264
113,100.48821190285864,0.0006790589863528,33980.00709957247,100.57277909528001,100.40364471043728
114,100.33957639873644,-0.001480228732473,19322.383377790626,100.56078579613862,100.11836700133426
115,100.36160143039191,0.0002194808419377,29421.634602661477,100.80351974713095,99.91968311365288
116,100.36428048724872,2.669368624867258e-05,28517.58497861042,101.10589379710908,99.62266717738838
117,100.3126179956353,-0.0005148823122671,21063.525614049806,100.36172702967878,100.26350896159185
118,100.23463255883054,-0.0007777263514708,30979.000640589074,100.37927271606792,100.08999240159316
119,100.44505443374716,0.0020970926872183,23750.550890594546,100.48271133309177,100.40739753440255
120,100.3980105841326,-0.0004684637776338,10238.68772825359,100.45861822553451,100.33740294273069
121,100.2961475539746,-0.0010151071645533,24573.75515258324,100.56290179194175,100.02939331600747
122,100.37285682894216,0.0007645353993749,24169.133606257587,100.78484481406858,99.96086884381575
123,100.38859126375156,0.0001567475727147,55071.535711366865,100.69566435460833,100.0815181728948
124,100.37945866250048,-9.097663956710138e-05,12525.887720671875,100.6063362667304,100.15258105827057
125,100.47361477762368,0.0009375621732605,22214.454074205438,100.60698367212343,100.34024588312393
126,100.53254480692968,0.0005863504990712,17814.813112494732,100.57482210640703,100.49026750745233
127,100.5762485626788,0.0004346280011413,20610.27569274385,100.79464453734859,100.357852588009
128,100.69268671261996,0.0011570405812696,50493.621928834116,101.1328419009815,100.25253152425842
129,100.72696468205602,0.0003403637086017,26617.39802657573,100.92228560206445,100.5316437620476
130,100.6524234666744,-0.0007403063389085,17460.857994386493,100.86370977046299,100.44113716288582
131,100.60867547571198,-0.0004347386741036,23787.621576154284,100.95973308960345,100.25761786182052
132,100.54579792830016,-0.0006251668023651,32308.328045458,100.7367865951703,100.35480926143003
133,100.57110511852645,0.0002516664683719,13399.680647595684,101.0711888136069,100.071021423446
134,100.44109226924974,-0.0012935818731008,19299.391301689466,100.57219224986542,100.30999228863405
135,100.22047387954312,-0.0021989111600742,47624.595081655636,100.28751053468697,100.15343722439927
136,100.23107635431114,0.000105785909518,33795.26634993274,100.25361251136316,100.20854019725913
137,100.07045212334292,-0.0016038246599468,21538.52974705148,100.3296747733857,99.81122947330013
138,99.83632404109814,-0.0023423737182541,17348.3969364082,100.05511933619623,99.61752874600005
139,99.88106042896152,0.00044799694058,20393.413045817022,100.28628797477496,99.47583288314807
140,99.79587188158312,-0.0008532638353482,10142.200540302008,99.8751245686643,99.71661919450196
141,99.85530309391886,0.0005953505066868,35295.75534639726,100.06027339958575,99.65033278825197
142,99.79171307551282,-0.0006370245023095,26123.138137286605,99.85105073462091,99.73237541640472
143,99.65744842125916,-0.0013463548658466,23603.17719027645,99.68320649443343,99.63169034808489
144,99.50884838188672,-0.0014922210166272,11513.651430463111,100.12540048225871,98.89229628151473
145,99.44737959709482,-0.0006179126672444,15406.09944622029,99.79077842859257,99.10398076559706
146,99.41476030347016,-0.0003280593674949,28488.04534360387,99.48696961054738,99.34255099639294
147,99.31657191974226,-0.0009881521008194,25055.739212153458,99.85252686540916,98.78061697407536
148,99.28307516069414,-0.0003373294953761,17182.294813971745,99.62285151312071,98.94329880826756
149,99.100232979368,-0.0018433227554549,28353.6474401204,99.12919159579768,99.07127436293834
150,99.10195602373432,1.7386733971531904e-05,35220.78120799084,99.23655686591027,98.96735518155835
151,98.88888049710631,-0.0021523784901604,15716.868835645524,98.88919505004185,98.88856594417076
152,98.8658788916209,-0.000232627580345,16891.58554119118,98.90496971524274,98.82678806799905
153,98.94863982603052,0.0008367529317354,14257.93721598837,99.11219873775602,98.78508091430501
154,99.07837983946676,0.0013103265626937,12361.81898916323,99.59477633506096,98.56198334387255
155,99.28241926895048,0.0020572562962429,32804.990213789264,99.48225255434626,99.08258598355471
156,99.09717789291982,-0.0018675451762184,28424.70700511136,99.13967326386839,99.05468252197124
157,99.18744401039656,0.0009104702406653,26091.293838136375,99.18851480481732,99.1863732159758
158,99.33112563476632,0.001447538632939,12258.072551471083,99.51588100465192,99.14637026488073
159,99.44807422098832,0.0011766683818055,13056.170975043417,99.4909992942739,99.40514914770274
160,99.33723268059752,-0.0011151885781274,21293.682636320584,100.03447260822631,98.63999275296874
161,99.38633292034788,0.0004941561973391,17915.026757552507,99.59420842225614,99.17845741843962
162,99.60841761683152,0.0022320668066725,23389.474671817876,99.87091170877352,99.34592352488951
163,99.4296090302593,-0.0017967283708279,15529.7707900677,99.8547206078026,99.004497452716
164,99.48645976236313,0.0005716052403087,30546.71533215682,99.60129603337062,99.37162349135563
165,99.61933783321876,0.0013347485827908,54162.28178097709,100.05312702475932,99.18554864167821
166,99.53609990487683,-0.0008359092187903,47729.40994422921,99.62713573572998,99.44506407402368
167,99.60575617497756,0.0006995643639431,49263.41486079705,99.90656737153796,99.30494497841715
168,99.47783791495596,-0.0012850710095938,22822.676183431056,100.04856588278217,98.90710994712974
169,99.38092904441704,-0.000974650297718,34919.043405584525,99.47690589009477,99.2849521987393
170,99.28353416703764,-0.0009804962961946,18243.882160427394,99.4729560109825,99.09411232309279
171,99.3064483964691,0.0002307692385827,34891.246899791586,99.52590283119073,99.08699396174744
172,99.29560695662022,-0.0001091775192393,18229.359321357817,99.97240508557799,98.61880882766245
173,99.40935940234569,0.0011449382492664,17249.048860409788,99.69516257334185,99.12355623134951
174,99.29725560626709,-0.0011283349370867,15959.397050780603,99.54920145068651,99.04530976184765
175,99.28161446414155,-0.0001575307801109,31243.618253936565,99.40394975891135,99.15927916937176
176,99.39618118338664,0.0011532917563362,25278.343721154677,100.09262197996519,98.69974038680812
177,99.46309062493212,0.0006729326066819,24177.13595605816,99.47266250738673,99.4535187424775
178,99.30511271119316,-0.0015895696026974,12457.737239461969,99.67441303740856,98.93581238497775
179,99.38441411022475,0.0007982444219492,23644.8933657354,99.53568066594404,99.23314755450545
180,99.32737374844773,-0.0005741014557654,10717.576359718922,99.36407452967018,99.29067296722528
181,99.37331969102198,0.0004624638454735,46085.627482771946,99.48276000040622,99.26387938163774
182,99.4091816936423,0.0003608164980274,20624.258485663853,99.67200309745957,99.14636028982501
183,99.55474194926886,0.0014631826607623,24275.298771316917,99.70732605850493,99.40215784003277
184,99.5686678368329,0.0001398719276824,20898.34761625686,99.84031039036414,99.29702528330168
185,99.34741684464302,-0.0022245670458092,9976.810314378568,99.38750414700843,99.30732954227761
186,99.18424056912738,-0.001643831662775,11093.48365951114,99.5729300629061,98.79555107534868
187,99.27130154750095,0.0008773852625128,21716.78691202425,99.828419930061,98.7141831649409
188,99.24053423803268,-0.0003099795998851,46454.83130572436,99.91858016278952,98.56248831327582
189,99.37614719162988,0.0013655748721128,12611.71460991486,99.49691385434016,99.25538052891962
190,99.4087604974459,0.0003281265815172,15479.827242978856,99.90422902913544,98.91329196575637
191,99.31944421011228,-0.0008988788831346,21512.376781594576,99.35373060498829,99.28515781523627
192,99.44853287317028,0.0012988881116678,9474.504151355979,99.64239186877487,99.2546738775657
193,99.35222611756684,-0.0009688772178349,9426.959945000015,99.37708345468855,99.32736878044514
194,99.10780657509764,-0.0024631626099304,17930.761364703543,99.68640752677989,98.5292056234154
195,99.35355665658952,0.0024765546612754,21533.44158928964,99.8936458053617,98.81346750781734
196,99.1260099907598,-0.0022928986531466,18113.51155771651,99.29852814708882,98.95349183443076
197,99.2017409856874,0.0007636954307751,47434.788588933734,99.26940563232382,99.13407633905098
198,99.3135668426112,0.0011266221227504,20290.407701584627,99.51301297379445,99.11412071142793
199,99.33109515176577,0.0001764790357219,26375.302148428167,99.40615672620399,99.25603357732754
200,99.13064130349284,-0.0020200762123657,48973.0267196241,99.2384603356566,99.02282227132908
201,99.25145776464558,0.001218017922553,51630.14114085952,99.51569990199954,98.9872156272916
202,99.07991580019748,-0.0017298524599661,9949.126655042191,99.6847978797004,98.47503372069458
203,98.92029259326728,-0.0016123542778685,18240.08167742582,99.21832803431421,98.62225715222034
204,98.87737030574716,-0.0004340019751979,39389.428803194445,98.99364207672753,98.7610985347668
205,98.97097289291976,0.0009462054889403,11054.254398999761,99.19726180182903,98.74468398401049
206,99.006622390155,0.0003601366868769,13877.195496680637,99.28009736228967,98.73314741802032
207,99.10299497947668,0.000972921942945,11513.128881705557,99.57225061120873,98.63373934774462
208,99.0502493021254,-0.0005323725966564,11148.195063124935,99.48556548782001,98.61493311643078
209,99.02978565934572,-0.0002066199438671,12492.794473526188,99.29711078049631,98.76246053819513
210,98.894745321025,-0.0013645641457982,24062.776356827253,99.01090679465338,98.7785838473966
211,98.8571488753299,-0.0003802385438672,41542.10448254934,99.06667582415942,98.64762192650038
212,98.92753587107038,0.0007117537821718,47287.98089450996,99.07012527831701,98.78494646382374
213,98.8919487727828,-0.0003597936647701,22157.78080606787,99.17782570956122,98.60607183600438
214,98.94838781826772,0.0005705514657775,8223.19465474352,99.08997034423749,98.80680529229794
215,98.88034175082406,-0.0006879291018594,21411.50572843818,98.99298944798564,98.76769405366248
216,98.81007566903028,-0.0007108699113477,18590.366445214848,99.17463976761672,98.44551157044384
217,98.8147200868709,4.700237967309996e-05,26269.413622323,99.45517807527821,98.1742620984636
218,98.7916141953426,-0.0002338578033699,20656.66783565085,98.97822862174218,98.60499976894303
219,98.86186639541472,0.0007108622911217,8972.713809360506,99.07127730378082,98.65245548704864
220,98.88301998547551,0.0002139482899271,27082.4642831936,98.92446074438807,98.84157922656296
221,99.0897446108124,0.0020884155544713,7832.854497600769,99.54606898676927,98.63342023485555
222,99.0636484624654,-0.0002633934054132,15598.723966377715,99.31953884520466,98.80775807972613
223,99.0366371737358,-0.0002727031797075,25741.90162993309,99.1476664900187,98.9256078574529
224,98.91310098673657,-0.0012481572765422,26243.753648255693,99.0161933616695,98.81000861180364
225,98.91580467095696,2.7333560903023305e-05,48323.535721687134,98.92113077358226,98.91047856833165
226,98.99688897515152,0.0008193947264066,6760.101633233935,99.27976164986703,98.71401630043601
227,98.90898366797671,-0.0008883547696876,26107.87062844051,98.94066573867153,98.8773015972819
228,98.90308820405184,-5.960671531155332e-05,31091.513177446413,99.11686554968827,98.68931085841541
229,98.9884059613144,0.0008622681122158,18702.13433067966,99.03547030566538,98.94134161696343
230,98.97333206791755,-0.0001522909788128,30303.417144571522,99.08863988914953,98.85802424668557
231,98.91169437077312,-0.0006229647613778,12695.472140912761,99.13180684363424,98.69158189791199
232,99.0272621833785,0.0011677117809362,30592.61105737858,99.51808644981728,98.53643791693973
233,99.03879195287972,0.0001164234786675,28828.150118702815,99.23793539707495,98.83964850868448
234,99.08593349228305,0.0004758774068914,13483.0035258543,99.1034527411941,99.06841424337198
235,99.22531376701832,0.0014056721402526,15782.864314277691,99.41498857508063,99.03563895895601
236,99.36178072184954,0.0013743791021635,20032.035220305443,99.40507689372845,99.31848454997063
237,99.32039075389665,-0.0004166450189688,15866.374274507245,99.5617540975046,99.07902741028869
238,99.25778743009664,-0.0006305156633675,37130.66812003299,99.32841795820927,99.187156901984
239,99.29165705823382,0.0003411707199985,24042.628780965508,99.81945966686793,98.76385444959972
240,99.27583668542364,-0.0001593450422865,42504.56095005119,99.45469618683644,99.09697718401083
241,99.04976210308776,-0.0022798335831388,39641.22073171228,99.18213497541538,98.91738923076014
242,99.20146729257009,0.001530434081599,22706.88600917386,99.43320028387187,98.9697343012683
243,99.20377212586077,2.3233592999107883e-05,19999.203174655417,99.3558307533137,99.05171349840782
244,99.29147263498989,0.0008836535599781,13720.854387021694,99.6073501845712,98.97559508540857
245,99.15181820430774,-0.0014074998771362,14730.78333742839,99.28927241949955,99.01436398911592
246,99.30521000376083,0.00154584427051,14755.990884066941,99.57473484033767,99.03568516718398
247,99.23513366686028,-0.0007059153672747,26210.759384102737,99.38878519564037,99.08148213808018
248,99.22231326736588,-0.0001292004881679,14159.868667163382,99.2812148764187,99.16341165831304
249,99.05559037927962,-0.0016817096036728,22910.008371885906,99.07239222483166,99.03878853372758
250,99.0357476013112,-0.0002003396840779,24252.974875423224,99.44237095856516,98.62912424405722
251,99.00844080147934,-0.0002757647192289,17186.55798980529,99.58237897138976,98.43450263156892
252,98.98642054102147,-0.000222432646982,20068.119248364717,99.00655682409806,98.96628425794489
253,99.0385214655716,0.0005262056913069,45373.565383966656,99.08231765651507,98.99472527462812
254,99.04569360151302,7.241501744220308e-05,49315.35441351357,99.16931577100256,98.92207143202349
255,99.16173800901215,0.001170939150114,14893.549633605762,99.16556059919438,99.15791541882993
256,99.10604559896868,-0.0005617898227816,19984.12081486537,99.69229823549378,98.51979296244356
257,98.98766292199976,-0.0011952190904572,18286.78553846589,99.26442858136497,98.71089726263455
258,98.98539339155336,-2.2927669944073957e-05,19189.465342492913,99.13354863448335,98.83723814862337
259,99.0600606478477,0.0007540416435645,47456.50650075559,99.36395756143635,98.75616373425906
260,99.20812433949472,0.0014935701275613,31046.064097811803,99.36677655715367,99.04947212183576
261,99.30506881767973,0.0009767057226767,41355.38236289629,99.7728735939872,98.83726404137225
262,99.09491086072956,-0.0021185288011899,53553.67730650894,99.27763629379683,98.91218542766228
263,99.13975848332451,0.0004524700296722,17673.882253587035,99.27084888416755,99.00866808248148
264,99.31364789056744,0.0017524461275054,20058.260941693097,99.85231369443902,98.77498208669586
265,99.32110579523344,7.509163961601627e-05,22475.998630965038,99.42377837852695,99.21843321193992
266,99.25962014062308,-0.0006192510001704,36791.35729731319,99.33367682691842,99.18556345432776
267,99.29645159886846,0.0003709930232315,21046.742918615433,99.43781200969642,99.1550911880405
268,99.2365055291232,-0.0006038903810653,30421.143726394184,99.3505599825441,99.12245107570232
269,99.3126427502379,0.0007669357990848,39503.88571135864,99.55876662225224,99.06651887822355
270,99.31109414395,-1.559336574914085e-05,39403.70634399552,99.4755684167792,99.14661987112079
271,99.4772414116244,0.0016716001559958,27538.476348224263,99.50252118867569,99.45196163457311
272,99.53688627209851,0.0005994032981891,14848.324150867807,99.76683617220665,99.30693637199039
273,99.45045994188274,-0.0008686616239147,10126.884022212835,99.8976269021688,99.00329298159669
274,99.52264315638683,0.0007255575406601,38592.62753386965,100.03486054489257,99.0104257678811
275,99.63449118938708,0.0011232140402773,27675.4209682817,100.09480457524573,99.17417780352842
276,99.5665489934778,-0.0006821470257537,13783.976303618945,99.76716811475384,99.36592987220173
277,99.51568813326146,-0.0005109532829941,17110.745056239528,99.56894153852879,99.46243472799414
278,99.24078624839784,-0.0027662199283214,17599.042049561005,99.45473803191175,99.02683446488395
279,99.34843025037289,0.0010840871867585,9533.102546106547,99.62031696989992,99.07654353084585
280,99.2783839847746,-0.0007053052607397,24978.557776179066,99.49436540405115,99.06240256549805
281,99.02586157474995,-0.0025468193664392,14860.774408312911,99.40959287275679,98.6421302767431
282,98.81589950871626,-0.0021225260400956,19011.44857724147,99.11665024066696,98.51514877676554
283,98.78946582060514,-0.0002675401877346,31883.705306101077,98.9433594029405,98.63557223826977
284,98.87968121886658,0.0009127919645173,20997.991039736175,99.26771015942654,98.49165227830663
285,98.86911376624936,-0.000106877542572,28897.969082659,99.15146242488308,98.58676510761563
286,98.92510271208498,0.0005661333109521,27205.994644944185,99.55883895723575,98.29136646693419
287,98.7944299362654,-0.00132179955207,22378.021284181723,99.05669969664505,98.53216017588575
288,98.6355345097355,-0.0016096387524869,22570.871631822338,99.28695166128443,97.9841173581866
289,98.74042649710069,0.0010628649679997,55871.33171487225,99.16175106012112,98.31910193408027
290,98.79875718423654,0.0005905733510097,20224.743382074394,99.37528114509091,98.22223322338216
291,98.79514016669876,-3.661061992968938e-05,49703.76790768519,98.8660842692032,98.72419606419432
292,98.94725457626598,0.0015385111500212,13946.720199125228,98.99803772729702,98.89647142523494
293,98.83437778762745,-0.0011414285497052,31719.926103117024,98.95234663005941,98.71640894519548
294,98.78454624169083,-0.0005043195861688,23991.44803003003,99.34387279463428,98.22521968874739
295,98.9062887495407,0.0012316455969753,15296.399941228954,98.95961960673824,98.85295789234317
296,99.12465275330348,0.0022053532706377,5862.1267140568725,99.41099994996112,98.83830555664584
297,99.12565497997518,1.0110719959839248e-05,48896.56156626689,99.28329501470061,98.96801494524975
298,99.32563658967544,0.0020154232891215,12362.190944016313,99.66614208883928,98.98513109051162
299,99.2538488440724,-0.0007230127379319,13608.81433346438,99.92175763720277,98.58594005094201
300,99.29313134549804,0.0003956998177532,23501.39373269291,99.87385679376993,98.71240589722615
301,99.27242211999288,-0.0002085882996201,22664.827934192286,99.80774275429229,98.73710148569347
302,99.08339918101248,-0.0019058981476684,25321.21997096377,99.2881109161118,98.87868744591316
303,99.11407691965228,0.0003095674020514,19398.692169911104,99.30979401260159,98.91835982670295
304,99.22507737924694,0.001119299631742,10406.5644791461,99.34592663075338,99.10422812774048
305,99.20742478136437,-0.0001779204287294,33979.2835479911,99.47601431666891,98.93883524605984
306,99.19903753007706,-8.454615030774116e-05,14011.820995841694,99.53280811292429,98.86526694722983
307,99.36498864517011,0.0016715127803151,24628.140551851047,99.5785742711289,99.15140301921133
308,99.21608699406956,-0.0014996562842404,29355.070390627498,99.7304858812973,98.70168810684183
309,99.03794528831696,-0.0017971059821127,39779.723980862764,99.3170165229259,98.75887405370804
310,98.96024615165074,-0.0007848469734961,19752.755798819828,99.12777648055255,98.79271582274892
311,98.8182464255628,-0.0014359473432849,18906.86703753096,99.10853870056987,98.52795415055573
312,98.97802098705672,0.0016155471317515,19601.160265879083,99.05275472633409,98.90328724777935
313,99.01481072183137,0.0003716269410414,8740.366534066798,99.30592457648528,98.72369686717745
314,98.91219431491638,-0.0010369117250093,15102.141304746983,99.34566712893803,98.47872150089474
315,98.8392858197658,-0.0007373749961763,13330.474119620672,98.94532779988762,98.73324383964399
316,99.17921202226078,0.0034332806288673,12395.248324516699,99.37837723204949,98.98004681247208
317,99.10662869488108,-0.000732108055312,23952.948245147258,99.21460524046041,98.99865214930173
318,99.01604408287844,-0.0009144296010615,18849.76776650952,99.30161761857694,98.73047054717993
319,99.05220823606614,0.0003651686039146,48929.34118915839,99.1535914836054,98.95082498852688
320,99.12810167451184,0.0007659029516093,46373.31387872105,99.21383020166995,99.04237314735371
321,99.15447506205729,0.0002660182062893,8593.622034286636,99.4295333217945,98.8794168023201
322,99.04642079632136,-0.001090351039768,23418.687836047557,99.3537124669617,98.73912912568102
323,98.90874058040951,-0.0013910244840766,13351.950516342196,99.44818856668832,98.36929259413071
324,98.97952210843138,0.0007153686638979,29088.41509804849,99.11530403871157,98.84374017815118
325,98.97308585524412,-6.502822322705436e-05,23838.563830718893,99.0624791909788,98.88369251950944
326,98.77832850334865,-0.0019697195642863,35075.50903555436,98.81980023251448,98.73685677418283
327,98.91722949737054,0.0014052011920008,25730.09008938259,99.15864061071977,98.67581838402133
328,99.0093044009373,0.0009303948126125,32228.39719022351,99.37025446814401,98.64835433373058
329,98.98068048817328,-0.0002891450593267,18971.909161921827,99.10372553694395,98.8576354394026
330,98.94977199483624,-0.0003123167072122,6285.20263182842,99.26723074634408,98.63231324332841
331,98.97725928392572,0.000277751746071,12178.880010275443,99.04826128784238,98.90625728000906
332,98.89569495939608,-0.0008244110920683,14364.770108263188,99.06026194850116,98.731127970291
333,98.73581357898529,-0.0016179749521919,17238.925627680386,99.26527784219374,98.20634931577683
334,98.7740338382524,0.0003870213079905,13278.729878343145,98.89566293994964,98.65240473655516
335,98.60360777250622,-0.0017269038854559,49840.87368625155,98.6352533641896,98.57196218082285
336,98.64985109971272,0.0004688721639468,20250.237252345272,98.96136968492767,98.33833251449776
337,98.4793886625958,-0.0017294489626211,42109.3646174656,98.6589120077204,98.29986531747117
338,98.4676652832314,-0.0001190510763513,18599.00572845157,98.55363449049267,98.38169607597011
339,98.45163866639668,-0.0001627734462662,50369.169715605865,98.48783496692701,98.41544236586635
340,98.66246740978856,0.0021391551115692,12086.708159841264,98.87263417735791,98.45230064221921
341,98.5365302338545,-0.0012772599715007,29727.574246743767,98.93958256907902,98.13347789862998
342,98.36936357133908,-0.0016979349825087,11327.831054577773,98.61975147180877,98.11897567086939
343,98.29311627633471,-0.0007754127669273,27474.919093181463,98.53407483364963,98.05215771901982
344,98.16065940958374,-0.0013484789117448,48696.00262965927,98.21028492390599,98.1110338952615
345,98.09121421910356,-0.0007077149592987,9730.326296845444,98.21847157727674,97.9639568609304
346,98.14075898188472,0.0005049611745295,14242.862755160671,98.19239028505682,98.08912767871261
347,98.23171604641952,0.0009263729148028,24899.982828276356,98.59106868903177,97.87236340380728
348,98.42753683008198,0.0019914735311604,20071.09625357433,98.59683240086865,98.25824125929529
349,98.34056444894402,-0.0008840090058957,11108.634853648811,98.34503586287077,98.33609303501727
350,98.65242838158804,0.0031662465624005,39275.039999068766,98.74092368495617,98.5639330782199
351,98.88736455867055,0.0023786223965814,22610.22383584993,99.13826719375798,98.63646192358313
352,98.86321603306504,-0.0002442321600603,42056.75919325579,99.06259366039382,98.66383840573627
353,98.59174485869632,-0.0027497039749137,25830.49702691336,98.64310627572331,98.54038344166932
354,98.58191232431956,-9.973476706152974e-05,12373.357454903577,98.80920288991764,98.35462175872148
355,98.59049023282586,8.700922036203547e-05,17315.875725481434,98.97235063801304,98.20862982763869
356,98.31884426531728,-0.002759098653491,43960.613391500425,98.65742413525577,97.98026439537878
357,98.3275555267008,8.859822908993009e-05,11015.634633509046,98.47994537382448,98.17516567957713
358,98.3039415474071,-0.000240185115392,17450.113289728743,98.73182966941357,97.87605342540064
359,98.21129900902724,-0.0009428535413396,29741.907635963016,98.48381488320491,97.93878313484956
360,98.28517726312788,0.0007519550373965,36589.37708451043,98.46572237333982,98.10463215291594
361,98.40382182871332,0.0012064180561526,33312.252282874455,98.56803201699938,98.23961164042726
362,98.3464285358893,-0.0005834126700788,10539.639919443378,98.64262642520532,98.05023064657328
363,98.37351448296928,0.0002753757126551,62516.691239408916,98.75914796802836,97.98788099791021
364,98.29624783042664,-0.0007857502404959,20285.593623068544,98.42482412806577,98.16767153278751
365,98.2035071617634,-0.0009439266278263,22161.632941601194,98.29846874208698,98.10854558143981
366,98.21287583674506,9.539606468399342e-05,21993.351023425785,98.39373791854,98.0320137549501
367,98.2745832980351,0.0006281058708835,19614.504130240348,98.47100012096274,98.07816647510745
368,98.20817689915502,-0.0006759514304656,13581.324460030159,98.22824590408617,98.18810789422388
369,97.94764252873632,-0.0026564037139781,18704.508316998188,98.00864160870823,97.88664344876442
370,98.0165182269482,0.000702941811221,42666.56534604468,98.24924686158295,97.78378959231344
371,97.82891115405072,-0.0019158693759217,11147.017470027065,98.03402282371493,97.6237994843865
372,97.8432341934277,0.0001463983478805,6528.111303275451,98.17498771853164,97.51148066832377
373,98.05233612892292,0.0021348314774693,28781.452366874648,98.1655071497185,97.93916510812733
374,98.05035593743864,-2.019545436607498e-05,26077.53796282949,98.5920764112942,97.50863546358309
375,97.91046932553816,-0.0014277000055902,31695.550967163213,97.98778377475682,97.83315487631948
376,97.7389420772294,-0.0017534148559419,52239.55656979398,97.88408229679656,97.59380185766221
377,97.87631813615508,0.001404553830413,15326.743498710674,98.02238498975532,97.73025128255483
378,97.8743275287914,-2.0338194614801034e-05,24066.619879671,98.19659163857946,97.55206341900332
379,97.93773991256552,0.0006476861903304,28318.898881307803,97.9465003789762,97.92897944615484
380,98.0466643249586,0.0011115621575315,40774.496945867635,98.05599927609144,98.03732937382574
381,98.0408990807202,-5.880275260629651e-05,36789.268333545144,98.31431988495484,97.76747827648555
382,98.00459879816836,-0.0003703250863648,14450.664035504355,98.03845449727682,97.97074309905992
383,97.8932487852855,-0.00113681723662,11061.74592237554,98.13326105638657,97.65323651418441
384,97.53180999239152,-0.0036990057188611,19219.102781747362,97.84102152809062,97.22259845669242
385,97.3543077077133,-0.0018216005927537,9833.649256257766,97.47304123487972,97.23557418054689
386,97.34617777398688,-8.351220810807625e-05,38360.07783691931,97.43194167810853,97.26041386986523
387,97.325706621877,-0.0002103144195563,18080.788575288316,97.76034531337655,96.89106793037746
388,97.37285013586522,0.0004842718476666,18433.851571601386,97.75277264278037,96.99292762895007
389,97.35804823080446,-0.0001520242058495,14115.12860329628,97.5661870586939,97.149909402915
390,97.3766676947016,0.0001912290149745,47182.177763720174,97.40435758547791,97.3489778039253
391,97.46876708668896,0.0009453585499688,25436.162267991258,97.86815198419892,97.06938218917898
392,97.36530495082224,-0.0010620539262956,17922.82899162089,97.65951350117051,97.07109640047396
393,97.3317596711252,-0.0003445894789847,29903.06614334298,97.49586898608825,97.16765035616216
394,97.14422115414058,-0.0019286553981755,21104.93237004338,97.40854607493115,96.87989623335001
395,97.25770047776793,0.0011674713455917,29636.113188170686,97.88636182368268,96.62903913185318
396,97.26218430749954,4.61015051222353e-05,42591.31683149356,97.34529568117321,97.17907293382588
397,97.31937051767164,0.0005877865645583,19294.162519001628,97.73870295849899,96.90003807684428
398,97.49967352186272,0.0018509797803227,28454.684552242372,97.68523099319752,97.31411605052793
399,97.62606181033873,0.0012954550145447,27971.539189375482,97.73802238462702,97.51410123605045
400,97.61903281788972,-7.200173162241824e-05,38835.67231777784,97.75813802329037,97.47992761248906
401,97.71134813772676,0.0009452224099356,29648.650951910324,98.05585320460747,97.36684307084604
402,97.54361977440766,-0.0017180449375431,22384.905081679448,97.7724012140754,97.3148383347399
403,97.5944231173504,0.0005206913356072,15971.421065438917,97.67159169276009,97.51725454194072
404,97.61069269167513,0.0001666920899585,25522.935920876236,97.71951701370925,97.50186836964099
405,97.42132418995293,-0.0019419228110345,13053.47643676866,97.79197411806761,97.05067426183825
406,97.5777898887862,0.001604784033525,30553.40845835941,97.64942116724558,97.50615861032682
407,97.49538195289216,-0.0008448926115081,22690.1374999718,98.02297068018451,96.9677932255998
408,97.57534870374982,0.0008198744636666,28982.500834198978,97.60283650444055,97.5478609030591
409,97.52619073381994,-0.0005039219179083,16984.82135640127,97.66387182143083,97.38850964620906
410,97.64253582040293,0.0011922514679353,14750.857051073095,97.93638036490005,97.3486912759058
411,97.79641602676904,0.0015747141161995,13950.096761471197,97.85046068076791,97.74237137277015
412,97.69905348735752,-0.0009960593736847,38305.459982488755,98.13347310644725,97.2646338682678
413,97.51979593443322,-0.0018364784326552,19741.17307449436,97.60784821137258,97.43174365749385
414,97.50441904940509,-0.0001576920595351,19630.391834315185,97.53369000386847,97.4751480949417
415,97.60379740739346,0.0010186999644327,9001.705988621885,97.63048687031818,97.57710794446874
416,97.56031732241046,-0.0004455745951304,21406.27196612791,97.8623510215693,97.25828362325161
417,97.4885170896926,-0.0007362283007477,3904.3969253230466,97.64426714303048,97.33276703635474
418,97.54565612372764,0.0005859387073391,43525.02237816516,97.85955348421369,97.23175876324159
419,97.22294228700297,-0.0033138209616844,19518.72895640922,97.32666785022418,97.11921672378176
420,97.1454224836798,-0.0007976586881804,22258.082547867372,97.40023202455515,96.89061294280444
421,96.9842409745338,-0.0016605555618051,10782.431358718457,97.2465612420045,96.7219207070631
422,97.01855778437096,0.0003537764446146,12734.584870341227,97.07211280082643,96.96500276791548
423,96.93287982490992,-0.000883499148965,29801.81727688205,97.16140194776443,96.70435770205542
424,96.80325088394908,-0.0013382011897452,19845.466259879024,97.19315386716514,96.41334790073303
425,96.76215719922403,-0.0004245974086936,27299.323704506405,96.78911433525529,96.73520006319278
426,96.59180369253107,-0.0017620901065146,41581.68401308441,96.73880130372365,96.4448060813385
427,96.59028252925434,-1.5748492073148974e-05,30687.75367104964,96.77186991725306,96.40869514125563
428,96.5112222570331,-0.0008188468207566,8523.046213979875,96.71381409775498,96.3086304163112
429,96.4675219467267,-0.0004529028441313,13463.720846968685,96.51959847539842,96.41544541805497
430,96.38454101505964,-0.0008605657156452,12483.176571454742,96.39451804199898,96.3745639881203
431,96.49011243903313,0.0010947154810229,13974.89516599319,96.61231936052691,96.36790551753934
432,96.4775092973892,-0.0001306244182151,7784.4531085701265,96.62118874536924,96.33382984940916
433,96.53825272602646,0.000629414199191,7896.191358386065,96.66924963967703,96.4072558123759
434,96.593849896274,0.0005757424170133,15185.622338141002,96.96251269707507,96.22518709547292
435,96.50045201019508,-0.0009673811442435,16333.942227642683,97.05179722587862,95.94910679451152
436,96.56647781030048,0.0006839680181453,28514.375740310694,96.73115496610971,96.40180065449124
437,96.60694089618995,0.0004189301690906,18725.110309360418,96.66904782068744,96.54483397169246
438,96.64330849417334,0.0003763782818125,44833.91022632288,97.33312764200154,95.95348934634514
439,96.5970823077267,-0.0004784319379253,8835.626952705103,96.97141815263412,96.22274646281927
440,96.54761670475256,-0.0005122129088556,10983.41579071902,96.55506583056395,96.54016757894117
441,96.63867142087572,0.0009426623778457,24950.665175953916,96.7881703773639,96.48917246438756
442,96.89203698457573,0.0026183514806384,19205.76049675558,97.15803008744372,96.62604388170773
443,96.79556578913702,-0.0009961525883403,13427.850268408465,96.82758058815192,96.76355099012211
444,96.85766436007243,0.0006413378492687,32335.731132005483,97.37247839948843,96.34285032065644
445,96.8151044760147,-0.0004395030338916,37927.75225020535,97.34196134115304,96.28824761087635
446,96.90633059731738,0.0009418279191622,42376.76896808878,97.07166953469608,96.74099165993867
447,96.9573144053914,0.0005259759688177,18027.013138505044,97.05670368376002,96.85792512702277
448,97.08073720639013,0.0012721506593038,21925.67778056007,97.1306237732977,97.03085063948255
449,96.75569884040624,-0.0033537417141054,24657.85258788227,97.12478819779804,96.38660948301442
450,96.68593419450144,-0.0007212992139796,22643.5225457887,96.91212886618736,96.45973952281552
451,96.57134981310156,-0.0011858222619178,36648.71598773091,96.86200128348972,96.2806983427134
452,96.55883640567517,-0.0001295852055952,17212.704217022507,96.61744428395033,96.5002285274
453,96.47499805853444,-0.000868638937262,26475.78116018302,96.7215172931909,96.22847882387796
454,96.40082085085469,-0.0007691706690477,7285.517877804494,96.73344296832943,96.06819873337994
455,96.47973134562405,0.0008182317841099,32094.816093821933,96.56336837578904,96.39609431545905
456,96.70017983593716,0.0022823137732797,49947.099085730806,96.78851848426376,96.61184118761057
457,96.37305648519369,-0.0033885966796336,21711.802033934106,96.39058655710582,96.35552641328155
458,96.33716035275452,-0.0003725400079281,36957.10342642311,96.40351977180815,96.2708009337009
459,96.37324195940124,0.000374464550283,9584.681208347873,96.62220758691302,96.12427633188948
460,96.37378933393391,5.679719464621706e-06,18627.369837916776,96.51937858243204,96.2282000854358
461,96.33388322710576,-0.0004141621022998,10177.882627517876,96.78324132181402,95.88452513239748
462,96.1775484755326,-0.0016241610646885,25809.36651723561,96.6214825588709,95.73361439219433
463,96.06881328858756,-0.0011312068279711,28578.12676033334,96.17701475385783,95.96061182331731
464,96.15242744395272,0.0008699783678453,11088.31473503641,96.2186180644027,96.08623682350272
465,96.2766322018876,0.0012909149523677,14410.202538850252,96.4074966148195,96.1457677889557
466,96.28780185371184,0.0001160094997971,16422.022502324355,96.40099032095523,96.17461338646845
467,96.19123447062134,-0.0010034068440574,73897.23148022157,96.95502544507498,95.4274434961677
468,96.20228297266488,0.0001148531634798,21217.04987716191,96.29974033538765,96.1048256099421
469,96.17457611372538,-0.0002880477336272,23373.257815959496,96.31665041056564,96.03250181688512
470,96.23756468326076,0.0006547255440802,26359.49729773084,96.38564796186206,96.08948140465944
471,96.25122743580096,0.0001419589412216,25542.92237506278,96.48118906938282,96.02126580221909
472,96.17943661747589,-0.0007461474189571,19529.783108091946,96.90074653229522,95.45812670265656
473,96.2014457289027,0.0002288076783348,11312.353954695604,96.5644765686618,95.83841488914359
474,96.06538950801482,-0.0014152856204312,15670.162015675662,96.18970823339248,95.94107078263715
475,96.15996574983429,0.000984014302629,49836.16177723825,96.49954645099137,95.82038504867718
476,96.29649455852368,0.0014188022721956,25018.61925796133,96.80287186332549,95.79011725372186
477,96.16040783567776,-0.001414204882587,18271.716730428536,96.18917299608259,96.13164267527293
478,96.2090057692928,0.0005052563579432,11189.31404704011,96.34749372644472,96.07051781214088
479,96.09463177994482,-0.0011895147100871,21403.201648371527,96.24228738190918,95.94697617798045
480,96.21829101394236,0.001286021232935,22361.041155366293,96.27886419580739,96.15771783207732
481,96.32273896165871,0.0010849423416408,15881.680016752152,97.1687742614294,95.47670366188802
482,96.2961369685021,-0.0002762137739335,34379.396678643614,96.439233385925,96.1530405510792
483,96.41117555560884,0.0011939204513318,16397.0056514484,96.41544882639776,96.4069022848199
484,96.36131404748323,-0.0005173093872493,20233.599312204697,96.48600619564601,96.23662189932045
485,96.28698919936495,-0.0007716117978023,33546.28038004353,96.59569879294129,95.9782796057886
486,96.22129922581418,-0.0006824638735068,24623.653076899223,96.39327383241502,96.04932461921334
487,96.20503718346534,-0.0001690209634608,38591.247086381714,96.61311686526851,95.79695750166216
488,96.16770783484714,-0.0003880939483728,19628.412341110557,96.22417732589034,96.11123834380393
489,96.18552108870072,0.000185213983713,17732.623037244477,96.21656592461896,96.15447625278249
490,96.11455560878812,-0.0007380702530426,27819.200570979094,96.35189546563737,95.87721575193886
491,96.20279419959488,0.0009176353260533,24509.33851190549,96.54200266241055,95.8635857367792
492,96.32073054413456,0.0012251631009641,39829.55801962476,96.82831040760846,95.81315068066067
493,96.26343345283708,-0.0005950343143369,26974.44345352186,96.44238548644834,96.08448141922581
494,96.09871285307136,-0.0017126097123565,21731.246253095578,96.19883259045041,95.99859311569232
495,96.1822250625779,0.0008686478822393,27568.714982652604,96.21848369857328,96.1459664265825
496,96.31372556481338,0.0013662679371982,30557.388831882938,96.54743876789092,96.08001236173584
497,96.29485973951942,-0.0001958980730217,12573.296057321319,96.39551513975645,96.1942043392824
498,96.14631245867088,-0.0015438204689305,20502.15870594014,96.54473378180721,95.74789113553453
499,96.17709507962358,0.0003201131012557,18633.45335308623,96.26396246672272,96.09022769252444
500,96.35322193342292,0.0018296017548092,40138.26381428894,96.41210143536905,96.29434243147679
501,96.13651785403864,-0.0022515919152365,17282.206884108582,96.1985531849215,96.07448252315581
502,96.1916690020258,0.000573510834791,37487.954122690106,96.73029619313574,95.65304181091587
503,96.15547297817348,-0.0003763614463614,11701.850483898927,96.55073609524908,95.76020986109786
504,96.0567903899634,-0.0010268085412578,21423.43509894991,96.33916113441681,95.77441964550998
505,96.11423409835396,0.0005978394532104,37555.783180597646,96.42961391556898,95.79885428113894
506,95.96454753166256,-0.00155859586075,19333.449499350278,96.36978553624762,95.55930952707749
507,95.99874902248403,0.0003563336512482,39194.003963878444,96.28004644906792,95.71745159590014
508,96.15015375081526,0.0015759107388111,7993.202737783963,96.1949962686967,96.10531123293383
509,96.17054236184262,0.0002120272182437,22327.808252559986,96.36794568648669,95.97313903719855
510,96.06946383370534,-0.0010515869142153,23876.307961065406,96.70352179289834,95.43540587451236
511,95.86455798500884,-0.0021351704570269,20686.723812540906,96.0171920953363,95.71192387468137
512,95.71719813416706,-0.0015383498187682,10361.020597017072,95.79720178739787,95.63719448093626
513,95.5059476474495,-0.002209466555874,30732.195836773335,95.99371396984724,95.01818132505176
514,95.68945300910882,0.0019195589159163,6869.483065423619,95.78532878050792,95.59357723770971
515,95.66080965445256,-0.0002993814011173,35392.48680096596,95.83343607726613,95.488183231639
516,95.54090737597056,-0.0012541968352743,25485.606057985093,95.66780433032899,95.41401042161213
517,95.39218480399356,-0.0015578504528141,36082.553888848415,95.50750029935496,95.27686930863216
518,95.27009476596012,-0.0012806943774748,19400.604577406382,95.38017952318694,95.16001000873331
519,95.23170756305298,-0.0004030114461636,12638.697645337887,95.29004682081366,95.17336830529229
520,95.0852460650728,-0.0015391327372699,17018.40228087003,95.63832030882406,94.53217182132153
521,95.27670911519088,0.0020115691131484,17467.39369657442,95.49253355111816,95.06088467926362
522,95.19129686072236,-0.0008968672691892,29713.4337704067,95.2442972236333,95.13829649781142
523,95.10194472589744,-0.0009390994724416,18853.736191412758,95.4618599104084,94.74202954138647
524,95.13707329268767,0.0003693098035865,27110.114218758707,95.20696532741347,95.06718125796188
525,95.30282273121628,0.0017407012274369,28073.543747929256,95.66631257415766,94.9393328882749
526,95.45435746192176,0.0015887712580707,44858.37790404068,95.90643655827776,95.00227836556576
527,95.39849643706964,-0.0005853831924024,8162.447867991437,95.49261163325086,95.30438124088842
528,95.4277418580481,0.0003065136269382,18027.6662855699,95.74338736880914,95.11209634728705
529,95.44483970271746,0.000179154539382,31139.67056732716,95.71653963890687,95.17313976652805
530,95.5055498364126,0.0006358733898085,31187.43190563683,96.4688165290409,94.5422831437843
531,95.53485978699835,0.0003068455608264,16706.76616863504,95.767216602969,95.3025029710277
532,95.42671882381214,-0.001132594059317,19381.969552174465,95.73313680916455,95.12030083845973
533,95.28252091134746,-0.0015122281452607,21121.76101646013,95.35082182073974,95.21422000195518
534,95.30260731225457,0.0002107866565317,23645.4407761216,95.75861658068611,94.84659804382302
535,95.1673502620409,-0.0014202457402918,16722.567872261505,95.43424908635389,94.90045143772791
536,95.3231588977266,0.0016358680662792,16077.154213520014,95.72872205833521,94.91759573711799
537,95.3277264900948,4.791577400512164e-05,12683.319043422916,95.35894366669501,95.2965093134946
538,95.21042235329368,-0.0012312930752546,18350.139854846333,95.48709628797683,94.93374841861053
539,95.1736818558388,-0.000385961822428,44397.74165848299,95.56530825906168,94.7820554526159
540,95.11576072481635,-0.000608768747501,13822.638622155831,95.3378308626609,94.89369058697181
541,95.10078233384829,-0.0001574877847971,35949.663773630135,95.3387562378446,94.86280842985195
542,95.208784773329,0.0011350186195795,58592.93536049006,95.27650627318566,95.14106327347234
543,95.04390103844707,-0.001733313518907,24631.92766719946,95.10777477580885,94.9800273010853
544,94.83113740485636,-0.002241092082302,72390.46434924725,95.07650710543344,94.58576770427929
545,94.8696145163139,0.0004056611436224,20782.325099339432,95.11841030654953,94.62081872607828
546,94.84943415422936,-0.0002127394407895,51330.031283698896,95.20534798418542,94.49352032427329
547,94.86801413680388,0.0001958700457052,21813.91530636173,94.89343574582193,94.84259252778583
548,94.91863553426928,0.0005334558437444,12196.708509119968,95.28110617224847,94.5561648962901
549,94.89801593629792,-0.0002172580528916,26604.494411866173,95.54649497291662,94.24953689967923
550,94.98912640865817,0.0009596276843914,57440.82740580661,95.43974326312619,94.53850955419016
551,94.88739040752152,-0.0010716018239441,16692.838089172576,95.20132073886403,94.57346007617902
552,94.89472103697912,7.725311311444518e-05,28493.67848281059,95.24444723447637,94.54499483948189
553,94.8001662613632,-0.0009969144112801,13634.476557936328,94.89328335565204,94.70704916707436
554,94.67171506940844,-0.0013558868021113,14424.106554377138,94.79577725705217,94.54765288176469
555,94.7416596191446,0.0007385386911604,28188.50148073763,94.8116453132896,94.6716739249996
556,94.8063773602265,0.0006828637703462,20486.536875177913,95.14857233087542,94.4641823895776
557,94.5857000749912,-0.0023303760969541,29811.367836351477,94.65365961025512,94.51774053972727
558,94.45843566805826,-0.001346399089906,42481.34030268631,94.66578226254248,94.25108907357404
559,94.49153792658764,0.0003503811960199,12481.703224951802,94.81095366039054,94.17212219278474
560,94.6129693319642,0.0012842784535115,15968.487566085108,94.70432996734596,94.52160869658245
561,94.53738935575132,-0.0007991523860661,23035.056983100305,95.28536776819213,93.78941094331049
562,94.51653934060076,-0.0002205721444549,71755.62615333448,94.79651656509023,94.23656211611129
563,94.35637364284798,-0.0016960159465476,19183.461196802546,94.64996434169782,94.06278294399814
564,94.6410956257861,0.0030129736597245,17742.041440883586,94.84332512597568,94.43886612559652
565,94.69507019785335,0.0005701454161656,28126.708612373775,94.88980541117851,94.5003349845282
566,94.79678332563547,0.0010735357289439,64889.51157669079,94.85248673949447,94.74107991177648
567,94.87166680100091,0.000789625045244,16941.190550831783,94.92150715842065,94.82182644358117
568,94.977972372857,0.0011198923888298,19467.666781428812,95.29763409123429,94.6583106544797
569,95.04730304242976,0.0007296994833717,23184.345604366157,95.16959409379805,94.92501199106147
570,95.00908032376778,-0.0004022250502753,33164.79547429714,95.26798593596207,94.75017471157346
571,95.09394381777572,0.0008928158826337,67692.08147271404,95.09501929955442,95.09286833599704
572,95.10297512088108,9.496792232565768e-05,12211.272406827049,95.44035828412552,94.76559195763666
573,95.25106018222536,0.0015558912736694,9928.836197580527,95.37200831543899,95.13011204901173
574,95.1670232214744,-0.000882657410523,24677.13364349472,95.33248454756007,95.0015618953887
575,95.10523110208092,-0.000649512686813,29839.927157858318,95.22317706924864,94.98728513491322
576,95.18071611168632,0.0007933850572806,7495.716919486848,95.18313038921585,95.1783018341568
577,95.32698546926568,0.0015355745212118,16842.46734757601,95.4775932186788,95.17637771985255
578,95.34359226616348,0.0001741935975339,37023.33228289942,95.39003469723495,95.29714983509201
579,95.26210516220458,-0.0008550332967251,17627.323382644907,95.54191034229898,94.98229998211019
580,95.24850774856452,-0.0001427470465334,29233.164047428803,95.57898132704418,94.91803417008487
581,95.1915786482632,-0.0005978688948762,25062.452817350484,95.48685459201104,94.89630270451536
582,95.40850099089909,0.0022762050960813,31833.589211041704,95.74790868115983,95.06909330063836
583,95.51144988494217,0.0010784509795728,28580.37283207025,95.54527952875186,95.47762024113247
584,95.6564824294896,0.0015173316007263,26237.239639984768,95.78495426687734,95.52801059210185
585,95.69110234408411,0.0003618536916808,42962.82463059533,95.95169996846846,95.43050471969977
586,95.62737916943438,-0.0006661476351063,17421.78395996745,95.81173587042497,95.44302246844379
587,95.76210934447136,0.0014079163734501,24553.633400301336,95.938157973606,95.5860607153367
588,95.95236091722246,0.0019847394403197,40621.1385478718,96.22582585476057,95.67889597968437
589,96.01939276256664,0.0006983511561835,17470.729322910134,96.12567321104937,95.91311231408389
590,96.01659837171482,-2.9102782613927155e-05,19218.500254007075,96.20719956830219,95.82599717512744
591,96.14122889800174,0.0012971685362338,15887.52352148016,96.25930433162573,96.02315346437776
592,96.09842310480026,-0.0004453378214428,14483.22474990905,96.35730476922785,95.83954144037267
593,96.18662893457191,0.0009174487046512,63703.109003980906,96.38498195792712,95.98827591121669
594,96.1045301273265,-0.0008539010595646,29332.659727285307,96.17756077333281,96.03149948132018
595,95.992687387619,-0.0011644390667584,59276.56905969699,96.70441392738411,95.28096084785388
596,96.05795904831986,0.00067973385589,33463.50624823636,96.28048566649781,95.8354324301419
597,96.09692001078405,0.0004055162501088,24124.121616709865,96.24666115889377,95.94717886267432
598,96.31676868344805,0.0022851676492103,20170.86988295383,96.63814688278954,95.99539048410654
599,96.28439931508257,-0.0003361284773775,26500.289144035294,96.70651365345583,95.86228497670932
600,96.28710851367232,2.813706576307637e-05,22716.465660396356,96.57444167363778,95.99977535370687
601,96.15548480735715,-0.0013679271783703,36631.44217879414,96.35550308794554,95.95546652676877
602,95.94003668030496,-0.002243136286803,15018.976858149797,96.12331503515288,95.75675832545703
603,95.73523383424644,-0.0021369780613611,25265.442342664985,95.97035333527113,95.50011433322177
604,95.78845151009313,0.000555729461039,29265.9124292107,96.6070748914803,94.96982812870596
605,95.65329682583042,-0.0014119669078637,20694.735755327187,95.86729915576186,95.43929449589899
606,95.78272137183713,0.0013521443555299,20677.60663530923,95.94656880567734,95.61887393799692
607,95.94633525435002,0.0017067201509023,30566.853013154858,95.96489237127886,95.92777813742117
608,95.91348077644196,-0.0003424842044457,30717.95474279627,96.30768679458606,95.51927475829787
609,96.10454918921894,0.0019901097399268,22051.55473201516,96.15024831863924,96.05885005979864
610,96.13075466837756,0.0002726396119242,23057.279609628014,96.1642719657227,96.09723737103242
611,96.26061357943692,0.0013499454987276,17576.346842770632,96.308119912325,96.21310724654884
612,96.23454515282354,-0.0002708476093054,30632.054949986006,96.60360924770688,95.86548105794022
613,96.34537536470545,0.0011510049834877,21838.451470598084,96.74226833119816,95.94848239821273
614,96.2363759712618,-0.0011319806194162,10595.041175009466,96.40430523941777,96.06844670310582
615,96.30831249157453,0.0007472189883198,19821.849952961576,96.94657625250953,95.67004873063951
616,96.2552554091542,-0.0005510604559457,31436.91177271076,96.25990862586406,96.25060219244433
617,96.2401761105054,-0.0001566717564213,26594.414825845724,96.4247214179026,96.0556308031082
618,96.3131598175146,0.0007580622807962,14814.320953119686,96.43910572854098,96.18721390648822
619,96.33312317777622,0.0002072540411646,33267.78573873966,96.91526974866936,95.75097660688307
620,96.32452583398772,-8.924996062497445e-05,31146.15006174122,96.61093951320302,96.0381121547724
621,96.40868615743184,0.0008733349890631,31166.805608616778,96.98157502102259,95.8357972938411
622,96.5016542242534,0.000963847493451,49204.63581408117,96.55219493452769,96.45111351397911
623,96.3414008662735,-0.0016620084637559,19436.74015614006,96.87318739017907,95.80961434236795
624,96.40604192214508,0.0006707332388938,30961.736412518756,96.55173358253747,96.26035026175269
625,96.48369944997371,0.0008052012665058,20136.412681956634,96.61078941851565,96.35660948143178
626,96.39670428588772,-0.0009020633335492,37423.383693542804,96.4405264516021,96.35288212017335
627,96.4413425301994,0.0004629609752431,40770.4419019774,96.55707921613755,96.32560584426126
628,96.2882112173238,-0.0015890800567081,29121.125202880947,96.78066200226513,95.7957604323825
629,96.45466285450117,0.0017271889231555,33055.65609684423,96.85123303584665,96.05809267315567
630,96.4271593410908,-0.000285185128217,15184.3899455859,96.61583326202674,96.23848542015486
631,96.4180693559962,-9.427233603580404e-05,31045.134940275522,96.63322136023002,96.20291735176237
632,96.5567092012838,0.0014368703534941,12541.762654952921,96.60002441447469,96.5133939880929
633,96.54017148839615,-0.0001712892809971,66802.65710829066,96.60259879888179,96.47774417791052
634,96.6095764999506,0.0007186653388312,40301.84475124685,96.80342849643884,96.41572450346237
635,96.4882260969996,-0.0012568803714409,10531.933326640381,96.6164518367395,96.3600003572597
636,96.4222790849788,-0.000683705789143,5973.860660510754,96.49675147980841,96.34780669014917
637,96.2612969216243,-0.0016709488597525,43130.106101915335,96.36825631095881,96.15433753228979
638,96.23725177733948,-0.0002498215656417,14664.618204906326,96.39397592327589,96.08052763140307
639,96.3563942855358,0.0012372425137613,29447.001273167054,96.48479045761232,96.22799811345928
640,96.38225304877768,0.0002683298212856,11715.625385830512,96.65466789024636,96.10983820730901
641,96.48458173584324,0.001061133157307,23184.398373699914,96.5141110648579,96.45505240682859
642,96.36583900274316,-0.0012314491993441,16185.455480864479,97.07573142575238,95.65594657973394
643,96.2637575715144,-0.0010598728606621,30099.178261455283,96.90600692490251,95.6215082181263
644,96.2099946683802,-0.0005586518047973,18873.29751100196,96.40472226000132,96.01526707675909
645,96.27612206937329,0.0006870875127549,46829.30779252175,96.38283395947103,96.16941017927554
646,96.3173095564722,0.0004277143553558,15250.613305673427,96.8930150279724,95.74160408497198
647,96.3155424416606,-1.8346972422523072e-05,42189.516025939694,96.4958522699223,96.13523261339891
648,96.3875319916475,0.0007471552132475,22060.828828257607,96.64133120102781,96.1337327822672
649,96.37002207693284,-0.000181678117337,28840.64914909667,96.58888283611526,96.15116131775042
650,96.36753293276786,-2.5829363301576888e-05,10024.584101120357,96.98942978830834,95.74563607722736
651,96.51854358434947,0.0015658017951482,9248.898744591519,96.59961139393161,96.43747577476732
652,96.45066450331132,-0.0007035224377041,37525.20857998012,96.49511359023205,96.40621541639058
653,96.4718104814279,0.0002192173638961,12011.742663500097,96.70712669084907,96.23649427200671
654,96.65859976052508,0.0019343337706869,18709.614335861243,96.68077457364802,96.63642494740213
655,96.670420442245,0.000122285642603,18884.405522531648,96.94141451382677,96.39942637066324
656,96.75241858506118,0.0008478641730284,14120.189908800503,97.2233016417059,96.28153552841646
657,96.68200670327737,-0.0007280181362626,24501.320708171177,97.07162416131061,96.29238924524412
658,96.9092657613734,0.0023478244612547,10943.185745830244,97.37577336733082,96.44275815541599
659,96.6480064307118,-0.0026995574629232,12218.66756554956,97.1518954537117,96.1441174077119
660,96.5165399698566,-0.0013611864454804,35088.95643398056,96.75874018251159,96.2743397572016
661,96.39456104551326,-0.0012646129741369,14801.309895988286,96.51068817209986,96.27843391892665
662,96.5821115641306,0.0019437642398082,32035.65286576558,97.03300026028461,96.1312228679766
663,96.6229722514246,0.0004229773574924,30783.432509110982,96.79856857457956,96.44737592826962
664,96.59256086302808,-0.0003147923788265,47159.76294455068,96.76238902015359,96.42273270590258
665,96.44410512701404,-0.0015381095039166,27726.822374430583,96.89844329537334,95.98976695865473
666,96.48625605500162,0.0004369548514809,8840.330246651909,96.55069505191564,96.4218170580876
667,96.49946018932565,0.0001368405351606,15958.483707369434,96.63247853429147,96.36644184435981
668,96.41924813665553,-0.00083156328371,17969.39723346725,96.84621786974986,95.99227840356119
669,96.2468281720726,-0.0017898325840775,40772.70907134867,96.3122829569751,96.1813733871701
670,96.11954808609204,-0.0013233092708838,26218.41205173583,96.4911126719962,95.74798350018787
671,96.14416700760869,0.000256095349444,17283.595650281728,96.65037325205826,95.63796076315911
672,96.18005595226118,0.0003732129475607,27411.546897760083,96.22472341514812,96.13538848937425
673,96.18849826869116,8.777231257552216e-05,18439.783928252877,96.73173189272207,95.64526464466026
674,96.17100296705893,-0.0001819021318739,28992.743203806596,96.38634592776187,95.95566000635598
675,95.96709798711704,-0.0021224843534683,23786.002066687037,95.97947478976477,95.95472118446932
676,95.97271454765836,5.852418493876396e-05,38348.92591625075,96.32410088735068,95.62132820796603
677,95.85387397001388,-0.0012390419260096,26048.51897480056,96.2886556584271,95.41909228160065
678,95.85868094751427,5.014775900789348e-05,36237.788566707364,95.98243414771464,95.73492774731389
679,95.91219084065996,0.0005580607110503,21908.630458491567,96.06998386528831,95.75439781603161
680,95.83444423790972,-0.0008109306009878,31447.212126298105,96.2329745409794,95.43591393484004
681,95.71686194951616,-0.0012276846919219,20418.545213788304,95.96169523822932,95.47202866080299
682,95.83105642427287,0.0011923333780393,30389.671922943337,96.062523145175,95.59958970337073
683,95.87152068014036,0.0004221566249093,24637.621361392055,95.92816546665226,95.81487589362847
684,95.79830753075473,-0.0007639507337149,20702.921309005116,95.80178578538373,95.79482927612574
685,95.45401743988302,-0.0036003793714522,17858.960821825694,95.65347254017851,95.25456233958752
686,95.44839053942292,-5.895054463998204e-05,19209.10394532125,95.48741131650831,95.40936976233752
687,95.52047802050384,0.0007549658229481,27911.27299358701,95.93490463375404,95.10605140725366
688,95.6491225515337,0.0013458682767908,7003.0959560178035,95.71057422850583,95.58767087456155
689,95.57135020404782,-0.0008134312257829,40960.31032646293,96.20270183291542,94.93999857518021
690,95.49763226705412,-0.0007716369208449,6743.2025507033,95.91457435036129,95.08069018374694
691,95.44688990027583,-0.0005314880719989,20033.642976996707,95.83103809192397,95.06274170862771
692,95.54291060643918,0.0010055061997936,18680.582948129235,95.6884186286097,95.39740258426868
693,95.40832231544346,-0.001409661631648,31879.134229190106,95.80959582043882,95.0070488104481
694,95.3953999159563,-0.0001354522789785,24782.328398353347,95.5940139775505,95.19678585436212
695,95.28948463226504,-0.0011108934495207,21555.93095191367,95.5308967502923,95.04807251423779
696,95.32019739738551,0.0003222581881386,22970.17428927119,95.91322826940568,94.72716652536535
697,95.14253175560386,-0.0018656216268963,35352.47561043081,95.44476860874589,94.84029490246182
698,95.18548805028956,0.0004513922380833,71006.58408136774,95.26952640855698,95.10144969202214
699,95.12877665670838,-0.0005959762958082,26596.450844646635,95.27738663912575,94.98016667429103
700,95.10320510632016,-0.0002688459669635,7866.211272030546,95.51445642590029,94.69195378674004
701,95.16322513117284,0.0006309050605366,17861.377437316263,95.42590019745606,94.90055006488961
702,95.29393358967596,0.0013725761730548,27169.946150079024,95.7298500278847,94.85801715146722
703,95.10007596109944,-0.0020363844012283,115536.43061410534,95.30349193002266,94.89665999217621
704,95.21467074475626,0.0012042660854154,15022.260924265154,95.4280217812482,95.00131970826432
705,95.27846567494002,0.0006697872035469,18287.27244315529,95.55538421984792,95.00154713003212
706,95.2447782816622,-0.0003536302755433,29132.438040406232,95.7109295365765,94.7786270267479
707,95.40538188287243,0.00168479941545,25890.71882042807,95.63128368625804,95.17948007948684
708,95.42698222394756,0.000226380271171,11362.441195434392,95.68260562020897,95.17135882768615
709,95.57521175460111,0.0015521241649025,35367.698521517465,96.05144609219012,95.09897741701211
710,95.50724873766006,-0.0007113475473554,11406.803136748651,95.7835681207693,95.23092935455082
711,95.40796675222664,-0.0010400637175867,19278.0140887999,95.7933747919482,95.02255871250509
712,95.54828028270713,0.0014695885357197,42718.21127528312,95.65254199213106,95.44401857328319
713,95.79675377003905,0.0025971264760137,11391.218281230927,96.0476226797858,95.54588486029229
714,95.86963896729796,0.000760542312413,18542.21490305223,96.05028526633946,95.68899266825647
715,95.9722188817191,0.0010694217137769,50769.798058023494,96.17367730539767,95.77076045804054
716,95.91765711021608,-0.000568677974191,19335.62811925805,96.25890681152747,95.57640740890471
717,95.76524995469173,-0.0015902011292978,13038.584752278284,95.82972564712463,95.70077426225882
718,95.73928549531776,-0.000271162867992,16463.8254772322,95.84706942768135,95.63150156295417
719,95.91180809129516,0.0018003825529994,33464.24209680369,96.1027914030671,95.72082477952323
